{"cameraMode":{"drawMode":0,"name":"Shaded","section":"Shading Mode"},"sceneLighting":false,"audioPlay":false,"sceneViewState":{"showFog":true,"showMaterialUpdate":false,"showSkybox":false,"showFlares":true,"showImageEffects":true,"showParticleSystems":true},"in2DMode":false,"pivot":{"x":1.4149575233459473,"y":2.5233359336853029,"z":-1.9818847179412842},"rotation":{"x":0.21440349519252778,"y":0.5142305493354797,"z":-0.13454657793045045,"w":0.8194769024848938},"size":4.819911956787109,"orthographic":false}