{"cameraMode":{"drawMode":0,"name":"Shaded","section":"Shading Mode"},"sceneLighting":false,"audioPlay":false,"sceneViewState":{"showFog":true,"showMaterialUpdate":false,"showSkybox":false,"showFlares":true,"showImageEffects":true,"showParticleSystems":true},"in2DMode":false,"pivot":{"x":0.00022983551025390625,"y":0.23657502233982087,"z":0.003630891442298889},"rotation":{"x":-0.15470054745674134,"y":0.7331261038780212,"z":-0.17778164148330689,"w":-0.6379692554473877},"size":0.46219900250434878,"orthographic":false}