{"cameraMode":{"drawMode":0,"name":"Shaded","section":"Shading Mode"},"sceneLighting":false,"audioPlay":false,"sceneViewState":{"showFog":true,"showMaterialUpdate":false,"showSkybox":false,"showFlares":true,"showImageEffects":true,"showParticleSystems":true},"in2DMode":false,"pivot":{"x":118.68633270263672,"y":1.8771557807922364,"z":-6.697071552276611},"rotation":{"x":0.21440349519252778,"y":0.5142305493354797,"z":-0.13454657793045045,"w":0.8194769024848938},"size":182.47476196289063,"orthographic":false}